review_text,sentiment
The movie was fantastic and emotionally powerful,positive
"I really enjoyed the film, it was beautifully directed",positive
Absolutely loved the acting performances,positive
A masterpiece with brilliant storytelling,positive
The visuals and background score were stunning,positive
One of the best movies I’ve watched recently,positive
A heartwarming story executed perfectly,positive
The characters were deep and well written,positive
This film exceeded my expectations,positive
An extraordinary movie with a strong message,positive
A must-watch for everyone,positive
Superb acting and a gripping storyline,positive
The climax was satisfying and well crafted,positive
Beautifully shot and wonderfully paced,positive
An outstanding cinematic experience,positive
The movie kept me emotionally engaged,positive
Great direction and excellent performances,positive
Truly an inspiring and unforgettable movie,positive
The comedy and drama were perfectly balanced,positive
Such a refreshing and innovative concept,positive
The soundtrack elevated the whole experience,positive
Every scene was crafted with perfection,positive
The plot twists were clever and unpredictable,positive
One of the most enjoyable movies I’ve seen,positive
Loved every moment of this film,positive
A well-written script brought to life beautifully,positive
The film made me laugh and cry,positive
Wonderful and meaningful storyline,positive
Brilliant screenplay and fantastic acting,positive
Completely worth watching again,positive
The director did an amazing job,positive
Very entertaining and engaging,positive
Simply outstanding from start to finish,positive
An absolute delight to watch,positive
This movie touched my heart deeply,positive
A visually beautiful and emotionally rich film,positive
I was impressed by the performances,positive
The narrative was smooth and impactful,positive
Overall a very satisfying movie,positive
Magnificent filmmaking with strong emotions,positive
An inspiring movie with powerful moments,positive
I thoroughly enjoyed the entire film,positive
It had a strong emotional connection,positive
Everything about the movie was wonderful,positive
A brilliant mix of humor and emotion,positive
A deeply moving cinematic experience,positive
Exceptional performances by the cast,positive
The story was fresh and engaging,positive
A spectacular movie worth watching,positive
Totally loved the concept and execution,positive
The film was motivational and uplifting,positive
An incredible experience from beginning to end,positive
The visuals were breathtaking,positive
A warm and touching narrative,positive
Perfect film with excellent direction,positive
The movie exceeded all my expectations,positive
A highly entertaining and emotional film,positive
Amazing cinematography and performances,positive
Simply loved this movie,positive
"Great story, wonderful characters",positive
A beautifully crafted movie,positive
The entire film was delightful,positive
A perfect blend of emotions and storytelling,positive
The plot was engaging and beautifully executed,positive
Enjoyed every bit of the movie,positive
A heart-touching and inspiring film,positive
The film delivered a strong message,positive
Everything worked wonderfully in this movie,positive
A joy to watch from beginning to end,positive
Memorable performances and emotional depth,positive
A superbly crafted film,positive
A fantastic movie with great emotions,positive
Wonderful performances by the actors,positive
The film felt magical and inspiring,positive
A very touching and meaningful movie,positive
The direction was excellent,positive
I absolutely enjoyed watching the film,positive
The movie was extremely engaging,positive
Powerful performances and great writing,positive
Such a beautiful cinematic experience,positive
One of the finest movies of the year,positive
The film felt refreshing and original,positive
Emotionally deep and beautifully portrayed,positive
This movie was highly satisfying,positive
An amazingly written and well-acted film,positive
The story was truly heartwarming,positive
A brilliant and engaging movie,positive
Highly recommended for everyone,positive
An exceptional film with great execution,positive
The acting was top-notch,positive
Loved the story and direction,positive
A meaningful and inspiring story,positive
It was extraordinary and beautifully made,positive
The movie was terrible and disappointing,negative
I did not like the film at all,negative
The acting was very poor and unrealistic,negative
A boring story with no depth,negative
The movie was not good and felt dragged,negative
The plot was weak and predictable,negative
I was completely unsatisfied with the film,negative
A disappointing experience from start to finish,negative
The characters were flat and uninteresting,negative
Nothing about the movie felt engaging,negative
The direction was bad and confusing,negative
The movie failed to hold my attention,negative
I regret watching this film,negative
A poorly written script,negative
The pacing was extremely slow and dull,negative
Not worth the time at all,negative
The story was messy and lacked clarity,negative
Everything felt forced and unnatural,negative
The climax was terrible and disappointing,negative
I hated the movie,negative
The visual effects were cheap and bad,negative
A complete waste of time,negative
The acting was overdone and annoying,negative
The film felt empty and meaningless,negative
The story was not interesting,negative
The execution was very poor,negative
Nothing made sense in the movie,negative
It was one of the worst films I’ve seen,negative
A very frustrating movie experience,negative
The film did not meet expectations,negative
It was extremely boring,negative
The dialogue writing was terrible,negative
The characters lacked development,negative
The entire movie felt pointless,negative
Bad screenplay and weak acting,negative
The film was not impressive,negative
I was disappointed by the story,negative
The movie lacked originality,negative
The scenes felt random and disconnected,negative
I did not enjoy the film,negative
One of the most boring movies ever made,negative
Terrible rhythm and pacing,negative
The twist was predictable and weak,negative
A dull movie with no emotion,negative
Poorly directed and badly written,negative
Nothing special about this film,negative
Not enjoyable at all,negative
The ending was unsatisfying,negative
The plot made no sense,negative
The film felt very forced,negative
A badly executed movie,negative
The acting was emotionless,negative
Very slow and uninteresting movie,negative
The visuals were dull and dark,negative
The comedy did not work at all,negative
The movie was not worth watching,negative
The story failed completely,negative
A highly disappointing experience,negative
The film lacked emotional connection,negative
Very poor direction,negative
Nothing good about the movie,negative
A frustrating and pointless film,negative
The movie was badly edited,negative
The actors did a terrible job,negative
A film without any impact,negative
I was bored the entire time,negative
Not the kind of movie I expected,negative
The experience was extremely unsatisfying,negative
The film was confusing and messy,negative
The writing was lazy and dull,negative
This movie was very disappointing,negative
A complete disaster of a film,negative
I did not enjoy it even for a moment,negative
Very bad execution,negative
The movie felt tiring and boring,negative
Nothing about the film worked,negative
The twist was bad and predictable,negative
Unnecessarily long and boring,negative
The storyline was poorly built,negative
I did not like the characters,negative
The film felt like a waste,negative
The movie lacked creativity,negative
The film was dull and emotionless,negative
Very weak plot and poor writing,negative
Disappointing from beginning to end,negative
The actors looked uninterested,negative
The story was extremely weak,negative
The film was annoying to watch,negative
A very poorly executed movie,negative
The ending ruined the whole movie,negative
Nothing made me like the film,negative
Worst movie I have seen this year,negative
The direction lacked clarity,negative
The film was very poorly made,negative
The movie was okay,neutral
"It was average, nothing special",neutral
The film was decent but not great,neutral
An ordinary movie with a simple story,neutral
"It was fine, neither good nor bad",neutral
The movie felt normal,neutral
The plot was okay but not impressive,neutral
A simple film with a predictable story,neutral
The acting was fine,neutral
Nothing extraordinary about the movie,neutral
It was a fair watch,neutral
The movie was not bad,neutral
The story was decent for a one-time watch,neutral
A typical movie with standard elements,neutral
The film was alright but a bit slow,neutral
It was an acceptable film,neutral
The direction was okay,neutral
The movie had a few good moments,neutral
Not too exciting but not boring,neutral
It was a neutral experience,neutral
The movie felt balanced,neutral
A moderately engaging film,neutral
The story was simple and predictable,neutral
It had average performances,neutral
The film kept a steady pace,neutral
It wasn't great but wasn't bad,neutral
A plain and simple movie,neutral
The visuals were average,neutral
The movie was neither special nor terrible,neutral
A fine movie for timepass,neutral
The film had average entertainment value,neutral
Nothing too impressive,neutral
A moderate viewing experience,neutral
The story felt normal and expected,neutral
The acting was acceptable,neutral
It was a decent film overall,neutral
A casual movie to watch once,neutral
The movie was mildly interesting,neutral
The plot had nothing new,neutral
A routine film with a simple narrative,neutral
It was okayish,neutral
The overall experience was fine,neutral
A standard story with basic execution,neutral
An average film with typical scenes,neutral
The movie felt ordinary,neutral
"Not too good, not too bad",neutral
A neutral reaction from me,neutral
The movie had a balanced tone,neutral
The story was okay for a simple watch,neutral
It had some predictable moments,neutral
The movie was simple and watchable,neutral
Nothing exceptional here,neutral
The experience was neither positive nor negative,neutral
A decent story with slow pacing,neutral
The film was steady with mild emotions,neutral
A middle-level cinema experience,neutral
It was fine enough,neutral
A one-time watch movie,neutral
The movie was somewhat engaging,neutral
A fair story with average execution,neutral
The plot was okay and simple,neutral
The movie was decent and straightforward,neutral
A normal watching experience,neutral
The film was okay with minor flaws,neutral
Nothing too memorable,neutral
It was an okay movie overall,neutral
A standard film with typical storytelling,neutral
The experience was acceptable,neutral
It was moderately entertaining,neutral
The plot was fine but not exciting,neutral
Just a regular movie,neutral
The film had average direction,neutral
A decent storyline with nothing special,neutral
The experience was okayish,neutral
An okay movie for casual viewers,neutral
The movie felt plain,neutral
A basic movie without surprises,neutral
It was ordinarily executed,neutral
An acceptable but not entertaining film,neutral
A simple movie experience,neutral
The acting and story were average,neutral
The movie had okay visuals,neutral
A mid-level experience,neutral
It was mildly entertaining at parts,neutral
The plot was simple and ordinary,neutral
Nothing too unique,neutral
A regular cinema experience,neutral
A neutral level movie,neutral
The film was predictable but fine,neutral
The experience was fairly average,neutral
It was watchable but not impressive,neutral
